<?xml version="1.0" encoding="UTF-8"?>
<project-private xmlns="http://www.netbeans.org/ns/project-private/1">
    <editor-bookmarks xmlns="http://www.netbeans.org/ns/editor-bookmarks/2" lastBookmarkId="0"/>
    <open-files xmlns="http://www.netbeans.org/ns/projectui-open-files/2">
        <group>
            <file>file:/C:/Users/victo/Documents/NetBeansProjects/s2demo/src/s2demo/Teacher.java</file>
            <file>file:/C:/Users/victo/Documents/NetBeansProjects/s2demo/src/s2support/sub/s2.java</file>
            <file>file:/C:/Users/victo/Documents/NetBeansProjects/s2demo/src/s2demo/S2demo.java</file>
            <file>file:/C:/Users/victo/Documents/NetBeansProjects/s2demo/src/s2demo/Course.java</file>
            <file>file:/C:/Users/victo/Documents/NetBeansProjects/s2demo/src/s2demo/Student.java</file>
            <file>file:/C:/Users/victo/Documents/NetBeansProjects/s2demo/src/s2support/SupportClass.java</file>
        </group>
    </open-files>
</project-private>
